ID,N_VICTIMAS,FECHA,AAAA,MM,DD,TIPO_DE_CALLE,COMUNA,pos x,pos y,VICTIMA,ACUSADO,FH,FATAL
20160001,1,2016-01-01,2016,1,1,AVENIDA,8,-58.47533969,-34.68757022,MOTO,AUTO,Madrugada,1
20160002,1,2016-01-02,2016,1,2,GRAL PAZ,9,-58.50877521,-34.66977709,AUTO,PASAJEROS,Madrugada,1
20160003,1,2016-01-03,2016,1,3,AVENIDA,1,-58.39040293,-34.63189362,MOTO,AUTO,Mañana,1
20160005,1,2016-01-21,2016,1,21,AVENIDA,1,-58.38718297,-34.62246630,MOTO,PASAJEROS,Madrugada,1
20160008,1,2016-01-24,2016,1,24,AVENIDA,8,-58.44451316,-34.68475866,MOTO,OBJETO FIJO,Noche,1
20160009,1,2016-01-24,2016,1,24,CALLE,11,-58.50095869,-34.60825440,MOTO,AUTO,Noche,1
20160010,1,2016-01-29,2016,1,29,GRAL PAZ,9,-58.50877521,-34.66977709,MOTO,AUTO,Tarde,1
20160012,1,2016-02-08,2016,2,8,AVENIDA,1,-58.38048577,-34.61303893,MOTO,CARGAS,Madrugada,1
20160013,1,2016-02-10,2016,2,10,AVENIDA,1,-58.39114932,-34.62477387,PEATON,AUTO,Mañana,1
20160015,1,2016-02-14,2016,2,14,AVENIDA,15,-58.43760020,-34.59912758,PEATON,AUTO,Madrugada,1
20160016,1,2016-02-14,2016,2,14,AVENIDA,4,-58.36882665,-34.64291993,MOTO,AUTO,Noche,1
20160017,1,2016-02-15,2016,2,15,AVENIDA,8,-58.44989671,-34.65970435,PEATON,MOTO,Tarde,1
20160019,1,2016-02-17,2016,2,17,CALLE,9,-58.50990884,-34.65468721,PEATON,PASAJEROS,Mañana,1
20160020,1,2016-02-17,2016,2,17,CALLE,1,-58.37952223,-34.60653282,PEATON,AUTO,Tarde,1
20160021,1,2016-02-17,2016,2,17,AVENIDA,7,-58.45157703,-34.63063795,AUTO,AUTO,Noche,1
20160022,1,2016-02-21,2016,2,21,AVENIDA,1,-58.38144696,-34.61079875,MOTO,AUTO,Mañana,0
20160025,1,2016-02-28,2016,2,28,GRAL PAZ,8,-58.46244952,-34.70524971,AUTO,AUTO,Madrugada,1
20160026,1,2016-02-28,2016,2,28,CALLE,12,-58.49216191,-34.54738649,AUTO,OBJETO FIJO,Mañana,1
20160027,1,2016-02-28,2016,2,28,AVENIDA,7,-58.44497874,-34.63852623,AUTO,AUTO,Mañana,0
20160028,1,2016-03-02,2016,3,2,AVENIDA,1,-58.38199706,-34.60028648,PEATON,CARGAS,Mañana,1
20160029,1,2016-03-04,2016,3,4,AVENIDA,12,-58.47378664,-34.54153077,PEATON,PASAJEROS,Tarde,1
20160031,1,2016-03-08,2016,3,8,GRAL PAZ,8,-58.47064556,-34.69843756,MOTO,PASAJEROS,Tarde,0
20160034,1,2016-03-12,2016,3,12,AVENIDA,4,-58.40623949,-34.65076549,PEATON,PASAJEROS,Tarde,1
20160035,1,2016-03-13,2016,3,13,AVENIDA,3,-58.39228965,-34.60443527,MOTO,PASAJEROS,Mañana,1
20160036,1,2016-03-14,2016,3,14,CALLE,4,-58.37813396,-34.63668504,MOTO,PASAJEROS,Madrugada,1
20160037,1,2016-03-19,2016,3,19,AVENIDA,7,-58.46275892,-34.64358293,MOTO,MOTO,Mañana,1
20160038,1,2016-03-21,2016,3,21,GRAL PAZ,8,-58.49683458,-34.67892743,PEATON,PASAJEROS,Mañana,1
20160039,1,2016-03-23,2016,3,23,AVENIDA,3,-58.40603217,-34.60883960,MOTO,PASAJEROS,Madrugada,1
20160041,2,2016-03-29,2016,3,29,AVENIDA,7,-58.46076550,-34.63350444,MOTO,CARGAS,Mañana,2
20160043,1,2016-03-30,2016,3,30,AVENIDA,8,-58.47832463,-34.67494416,PEATON,CARGAS,Noche,1
20160044,1,2016-03-31,2016,3,31,AVENIDA,7,-58.43213235,-34.63693953,MOTO,MULTIPLE,Noche,1
20160047,1,2016-04-15,2016,4,15,CALLE,1,-58.38247061,-34.62571878,PEATON,PASAJEROS,Madrugada,1
20160048,1,2016-04-15,2016,4,15,AVENIDA,15,-58.44759966,-34.59170240,PEATON,PASAJEROS,Tarde,0
20160050,1,2016-04-19,2016,4,19,AVENIDA,8,-58.47305463,-34.68550712,PEATON,PASAJEROS,Mañana,1
20160051,1,2016-04-20,2016,4,20,AVENIDA,4,-58.40623949,-34.65076549,MOTO,CARGAS,Madrugada,1
20160053,1,2016-04-22,2016,4,22,AVENIDA,12,-58.48429180,-34.57558053,PEATON,PASAJEROS,Mañana,1
20160054,1,2016-04-23,2016,4,23,AUTOPISTA,8,-58.48695354,-34.68795245,MOTO,MOTO,Noche,1
20160055,1,2016-04-25,2016,4,25,AVENIDA,14,-58.40021959,-34.57964781,PEATON,CARGAS,Noche,1
20160056,1,2016-04-26,2016,4,26,AVENIDA,14,-58.42957885,-34.57660058,MOTO,OBJETO FIJO,Madrugada,1
20160058,1,2016-05-04,2016,5,4,CALLE,1,-58.38247542,-34.62556293,PEATON,MOTO,Tarde,1
20160059,1,2016-05-08,2016,5,8,CALLE,1,-58.38222219,-34.62728101,PEATON,PASAJEROS,Tarde,1
20160064,1,2016-05-14,2016,5,14,AVENIDA,10,-58.49485242,-34.62953445,PEATON,PASAJEROS,Noche,0
20160065,1,2016-05-20,2016,5,20,AVENIDA,6,-58.45227946,-34.61068024,PEATON,AUTO,Tarde,1
20160067,1,2016-05-21,2016,5,21,AVENIDA,8,-58.48455411,-34.67512760,MOTO,PASAJEROS,Tarde,0
20160068,1,2016-05-22,2016,5,22,AVENIDA,2,-58.39056593,-34.58418569,MOTO,PASAJEROS,Noche,0
20160069,1,2016-05-23,2016,5,23,AVENIDA,3,-58.39118948,-34.62704273,AUTO,CARGAS,Madrugada,1
20160073,1,2016-06-11,2016,6,11,CALLE,10,-58.49021952,-34.62025108,MOTO,CARGAS,Tarde,0
20160074,1,2016-06-12,2016,6,12,GRAL PAZ,8,-58.49896559,-34.67732118,AUTO,AUTO,Mañana,0
20160075,1,2016-06-12,2016,6,12,AUTOPISTA,8,-58.47461076,-34.66874679,PEATON,AUTO,Noche,1
20160076,1,2016-06-13,2016,6,13,AVENIDA,15,-58.46210891,-34.60356211,PEATON,PASAJEROS,Tarde,1
20160077,1,2016-06-13,2016,6,13,AVENIDA,1,-58.37027770,-34.60536123,PEATON,PASAJEROS,Noche,0
20160078,1,2016-06-13,2016,6,13,AVENIDA,3,-58.40491455,-34.61463830,MOTO,MOTO,Noche,0
20160079,1,2016-06-16,2016,6,16,AVENIDA,13,-58.45504154,-34.54864492,AUTO,AUTO,Tarde,0
20160081,1,2016-06-22,2016,6,22,AVENIDA,12,-58.48721060,-34.55904606,MOTO,AUTO,Mañana,0
20160082,1,2016-06-27,2016,6,27,AVENIDA,4,-58.42273092,-34.64228803,PEATON,AUTO,Noche,1
20160083,1,2016-06-28,2016,6,28,AVENIDA,6,-58.44788671,-34.62539009,PEATON,MOTO,Noche,1
20160084,1,2016-06-29,2016,6,29,CALLE,1,-58.38110563,-34.60135531,PEATON,PASAJEROS,Noche,1
20160085,1,2016-06-29,2016,6,29,AVENIDA,4,-58.42378834,-34.65734100,MOTO,OTRO,Noche,0
20160086,1,2016-06-30,2016,6,30,AVENIDA,10,-58.48727942,-34.63652467,PEATON,PASAJEROS,Tarde,1
20160087,1,2016-07-02,2016,7,3,AUTOPISTA,1,-58.37864583,-34.62907067,MOTO,OBJETO FIJO,Madrugada,1
20160088,1,2016-07-11,2016,7,11,CALLE,12,-58.50151750,-34.56767549,PEATON,AUTO,Tarde,1
20160089,1,2016-07-14,2016,7,14,AUTOPISTA,13,-58.43233425,-34.55185825,PEATON,AUTO,Mañana,1
20160090,1,2016-07-14,2016,7,14,AVENIDA,5,-58.41971993,-34.61112240,PEATON,PASAJEROS,Noche,1
20160092,1,2016-07-15,2016,7,15,GRAL PAZ,13,-58.46743471,-34.53476874,MOTO,CARGAS,Mañana,1
20160093,1,2016-07-17,2016,7,17,AVENIDA,6,-58.44362126,-34.62301748,AUTO,AUTO,Madrugada,1
20160095,1,2016-07-23,2016,7,23,AVENIDA,11,-58.51713095,-34.59546519,MOTO,AUTO,Mañana,1
20160096,1,2016-07-25,2016,7,25,AUTOPISTA,8,-58.47433193007387,-34.66684950051973,MOTO,CARGAS,Mañana,0
20160097,1,2016-07-26,2016,7,26,CALLE,1,-58.39038605,-34.61562810,PEATON,AUTO,Noche,1
20160098,1,2016-07-27,2016,7,27,AVENIDA,3,-58.40042405,-34.62356174,MOTO,CARGAS,Tarde,0
20160099,1,2016-07-29,2016,7,29,GRAL PAZ,11,-58.52340614,-34.59798754,CARGAS,CARGAS,Tarde,0
20160100,1,2016-08-03,2016,8,3,GRAL PAZ,12,-58.49491054,-34.54795581,MOTO,OBJETO FIJO,Noche,1
20160102,1,2016-08-10,2016,8,10,AVENIDA,9,-58.50011639,-34.67316502,MOTO,CARGAS,Noche,0
20160104,1,2016-08-14,2016,8,14,AVENIDA,9,-58.46635001,-34.65624369,MOTO,PASAJEROS,Noche,1
20160105,1,2016-08-17,2016,8,17,AVENIDA,15,-58.45343236,-34.58435809,PEATON,PASAJEROS,Madrugada,1
20160106,1,2016-08-19,2016,8,19,AVENIDA,1,-58.38090932,-34.58927731,PEATON,PASAJEROS,Noche,0
20160107,1,2016-08-20,2016,8,20,AUTOPISTA,4,-58.37157668,-34.65429986,MOTO,AUTO,Mañana,0
20160109,1,2016-08-24,2016,8,24,AUTOPISTA,9,-58.52280139,-34.63659934,AUTO,OBJETO FIJO,Madrugada,1
20160111,1,2016-08-25,2016,8,25,AUTOPISTA,15,-58.47461905,-34.57663634,MOTO,CARGAS,Mañana,1
20160112,1,2016-08-27,2016,8,27,AUTOPISTA,1,-58.38268809,-34.62282019,MOTO,OBJETO FIJO,Madrugada,1
20160113,1,2016-08-27,2016,8,27,AVENIDA,9,-58.49603546,-34.64564271,PEATON,PASAJEROS,Tarde,0
20160114,1,2016-08-31,2016,8,31,CALLE,14,-58.41848605,-34.59394733,BICICLETA,CARGAS,Mañana,1
20160116,1,2016-09-02,2016,9,2,AVENIDA,8,-58.44451316,-34.68475866,MOTO,AUTO,Noche,1
20160117,1,2016-09-03,2016,9,3,AVENIDA,14,-58.39936478,-34.58271474,AUTO,AUTO,Tarde,0
20160118,1,2016-09-04,2016,9,4,AUTOPISTA,1,-58.37936704,-34.62694503,AUTO,AUTO,Madrugada,1
20160122,1,2016-09-13,2016,9,13,AVENIDA,9,-58.47256391,-34.65194557,BICICLETA,PASAJEROS,Mañana,1
20160123,1,2016-09-14,2016,9,14,AVENIDA,7,-58.45130953,-34.64053676,MOTO,AUTO,Mañana,0
20160124,1,2016-09-16,2016,9,16,AVENIDA,7,-58.46271207,-34.62884871,PEATON,PASAJEROS,Tarde,0
20160125,1,2016-09-17,2016,9,17,AUTOPISTA,10,-58.49020869,-34.64243791,MOTO,MOTO,Tarde,0
20160126,2,2016-09-18,2016,9,18,CALLE,10,-58.52572109,-34.62125906,AUTO,CARGAS,Noche,0
20160127,1,2016-09-24,2016,9,24,AVENIDA,8,-58.44094791,-34.66677111,PEATON,PASAJEROS,Mañana,0
20160128,1,2016-10-02,2016,10,2,AVENIDA,5,-58.41914024,-34.63053890,PEATON,PASAJEROS,Mañana,1
20160130,1,2016-10-04,2016,10,4,AUTOPISTA,1,-58.37910942,-34.62764717,MOTO,CARGAS,Tarde,1
20160131,1,2016-10-09,2016,10,9,CALLE,4,-58.39871183,-34.64539318,PEATON,AUTO,Noche,0
20160132,1,2016-10-10,2016,10,10,AVENIDA,3,-58.41036975,-34.62477021,AUTO,PASAJEROS,Madrugada,1
20160133,1,2016-10-14,2016,10,14,AVENIDA,14,-58.40204698,-34.58342690,MOTO,AUTO,Madrugada,1
20160134,1,2016-10-23,2016,10,23,AVENIDA,8,-58.48935287,-34.67648597,MOTO,OBJETO FIJO,Madrugada,1
20160136,1,2016-10-25,2016,10,25,AUTOPISTA,4,-58.37157668,-34.64035082,MOTO,CARGAS,Madrugada,0
20160137,1,2016-10-25,2016,10,25,AVENIDA,11,-58.51537091,-34.59035925,MOTO,MOTO,Madrugada,0
20160138,1,2016-10-27,2016,10,27,AVENIDA,13,-58.45909670,-34.55922742,BICICLETA,CARGAS,Noche,0
20160139,1,2016-10-28,2016,10,28,AVENIDA,14,-58.42008769,-34.56539579,MOTO,MOTO,Noche,0
20160140,1,2016-10-31,2016,10,31,AVENIDA,13,-58.45566399,-34.56147293,PASAJEROS,PASAJEROS,Madrugada,0
20160142,1,2016-11-05,2016,11,5,AVENIDA,1,-58.37533517,-34.59276462,MOTO,PASAJEROS,Noche,1
20160144,1,2016-11-07,2016,11,7,AVENIDA,4,-58.35975012,-34.63343907,PEATON,PASAJEROS,Tarde,0
20160145,1,2016-11-07,2016,11,7,AVENIDA,13,-58.44523595,-34.55953855,MOTO,AUTO,Noche,1
20160146,1,2016-11-09,2016,11,9,AVENIDA,4,-58.39626094,-34.63036565,PEATON,PASAJEROS,Noche,0
20160147,1,2016-11-16,2016,11,16,AVENIDA,1,-58.38896772,-34.61799615,MOVIL,PASAJEROS,Noche,1
20160148,1,2016-11-16,2016,11,16,AVENIDA,15,-58.46536113,-34.59484504,MOTO,MOTO,Noche,0
20160150,1,2016-11-18,2016,11,18,AVENIDA,4,-58.40879146,-34.65273216,CARGAS,CARGAS,Noche,1
20160152,1,2016-11-23,2016,11,23,AVENIDA,7,-58.46451841,-34.64991946,MOTO,AUTO,Noche,1
20160153,1,2016-11-25,2016,11,25,AVENIDA,15,-58.42917090,-34.59485488,PEATON,MOTO,Tarde,1
20160154,1,2016-11-26,2016,11,26,GRAL PAZ,8,-58.49007772,-34.68251141,MOTO,MOTO,Tarde,0
20160155,1,2016-11-26,2016,11,26,CALLE,10,-58.52756365,-34.62772274,PEATON,AUTO,Tarde,0
20160156,1,2016-11-26,2016,11,26,AVENIDA,3,-58.40638983,-34.61943202,MOTO,PASAJEROS,Noche,1
20160157,1,2016-12-03,2016,12,3,AVENIDA,11,-58.47576807,-34.61740997,MOTO,MOTO,Mañana,0
20160160,1,2016-12-06,2016,12,6,AUTOPISTA,9,-58.51927194,-34.63635787,CARGAS,OBJETO FIJO,Madrugada,1
20160161,1,2016-12-06,2016,12,6,AVENIDA,14,-58.42525456,-34.57866344,PEATON,PASAJEROS,Mañana,1
20160162,1,2016-12-07,2016,12,7,AVENIDA,15,-58.45396573,-34.58518167,PEATON,AUTO,Madrugada,1
20160163,1,2016-12-10,2016,12,10,GRAL PAZ,11,-58.52340614,-34.59798754,MOTO,AUTO,Mañana,0
20160164,1,2016-12-11,2016,12,11,AVENIDA,4,-58.42323628,-34.64119105,AUTO,AUTO,Mañana,0
20160165,1,2016-12-12,2016,12,12,AVENIDA,4,-58.36926144,-34.62841919,BICICLETA,PASAJEROS,Mañana,0
20160168,1,2016-12-13,2016,12,13,AVENIDA,4,-58.42323628,-34.64119105,MOTO,AUTO,Mañana,1
20160169,1,2016-12-15,2016,12,15,AVENIDA,12,-58.47935434,-34.55676497,MOTO,PASAJEROS,Tarde,1
20160170,1,2016-12-19,2016,12,19,GRAL PAZ,12,-58.50598256,-34.56379980,MOTO,AUTO,Tarde,1
20160171,1,2016-12-25,2016,12,25,AUTOPISTA,1,-58.36607137,-34.62150748,MOTO,MOTO,Noche,0
20160172,1,2016-12-26,2016,12,26,AVENIDA,5,-58.41918902,-34.63174259,MOTO,CARGAS,Mañana,1
20160173,1,2016-12-26,2016,12,26,AVENIDA,7,-58.46749188,-34.63551751,MOTO,CARGAS,Noche,0
20160175,1,2016-12-27,2016,12,27,CALLE,7,-58.46064174,-34.62960517,PEATON,BICICLETA,Mañana,0
20160176,1,2016-12-28,2016,12,28,AVENIDA,1,-58.36956186,-34.61232875,MOTO,PASAJEROS,Madrugada,0
20160177,1,2016-12-29,2016,12,29,CALLE,14,-58.40966671,-34.58788235,PEATON,AUTO,Madrugada,0
20160178,1,2016-12-30,2016,12,30,CALLE,3,-58.40288226,-34.61544091,PEATON,MULTIPLE,Tarde,0
20170001,1,2017-01-02,2017,1,2,AVENIDA,11,-58.46594230,-34.61028571,MOTO,CARGAS,Madrugada,1
20170003,1,2017-01-05,2017,1,5,AVENIDA,4,-58.38957669,-34.64410277,CARGAS,CARGAS,Madrugada,1
20170007,1,2017-01-11,2017,1,11,CALLE,1,-58.38161660,-34.61529543,PEATON,MULTIPLE,Tarde,1
20170008,1,2017-01-16,2017,1,16,CALLE,14,-58.43917004,-34.58494351,MOTO,PASAJEROS,Madrugada,1
20170009,1,2017-01-16,2017,1,16,AUTOPISTA,5,-58.41595919,-34.62743346,MOTO,CARGAS,Tarde,1
20170010,1,2017-01-16,2017,1,16,AVENIDA,6,-58.43564880,-34.62828656,MOTO,AUTO,Tarde,1
20170011,1,2017-01-22,2017,1,22,GRAL PAZ,12,-58.50073810,-34.54979510,MOTO,OBJETO FIJO,Madrugada,1
20170012,1,2017-01-24,2017,1,24,CALLE,4,-58.40969005,-34.65055290,MOTO,CARGAS,Tarde,1
20170013,1,2017-01-27,2017,1,27,AVENIDA,4,-58.38972622,-34.65098981,PEATON,CARGAS,Mañana,1
20170014,1,2017-01-28,2017,1,28,AVENIDA,12,-58.49185972,-34.55046754,MOTO,MULTIPLE,Mañana,1
20170015,1,2017-02-02,2017,2,2,AVENIDA,2,-58.39293417,-34.59963642,PEATON,AUTO,Tarde,1
20170016,1,2017-02-03,2017,2,3,AUTOPISTA,1,-58.38099494,-34.62288231,MOTO,CARGAS,Madrugada,1
20170017,1,2017-02-06,2017,2,6,AVENIDA,14,-58.42901200,-34.58095431,MOTO,AUTO,Mañana,1
20170018,1,2017-02-09,2017,2,9,GRAL PAZ,9,-58.50877521,-34.66977709,MOTO,AUTO,Mañana,1
20170021,1,2017-02-18,2017,2,18,CALLE,1,-58.38362373,-34.60509972,MOTO,PASAJEROS,Madrugada,1
20170024,1,2017-02-23,2017,2,23,AVENIDA,7,-58.46589308,-34.62955795,PEATON,PASAJEROS,Noche,1
20170026,2,2017-02-26,2017,2,26,AVENIDA,4,-58.41842777,-34.64979057,AUTO,OBJETO FIJO,Madrugada,2
20170027,1,2017-02-26,2017,2,26,AVENIDA,1,-58.38332245,-34.63193250,PEATON,AUTO,Noche,1
20170028,1,2017-02-28,2017,2,28,AVENIDA,6,-58.45475488,-34.61196327,PEATON,AUTO,Mañana,1
20170030,1,2017-03-07,2017,3,7,AVENIDA,9,-58.47010988,-34.65872088,AUTO,PASAJEROS,Mañana,1
20170031,1,2017-03-11,2017,3,11,CALLE,3,-58.40997560,-34.62873635,AUTO,OBJETO FIJO,Madrugada,1
20170032,1,2017-03-12,2017,3,12,GRAL PAZ,8,-58.48892175,-34.68359163,AUTO,AUTO,Madrugada,1
20170033,1,2017-03-12,2017,3,12,GRAL PAZ,11,-58.52466448,-34.60325478,AUTO,AUTO,Mañana,1
20170034,1,2017-03-13,2017,3,13,CALLE,14,-58.42554218,-34.57929036,PEATON,AUTO,Mañana,1
20170035,3,2017-03-23,2017,3,23,AVENIDA,1,-58.35881506,-34.61113641,AUTO,OBJETO FIJO,Madrugada,3
20170036,2,2017-03-29,2017,3,29,GRAL PAZ,12,-58.51452347,-34.58159762,MOTO,PASAJEROS,Noche,2
20170037,1,2017-03-31,2017,3,31,AVENIDA,1,-58.38896772,-34.61799615,MOTO,CARGAS,Madrugada,1
20170038,1,2017-04-01,2017,4,1,AVENIDA,7,-58.44516857,-34.64363363,MOTO,AUTO,Noche,1
20170040,1,2017-04-03,2017,4,3,AVENIDA,13,-58.43834197,-34.54560369,AUTO,MULTIPLE,Mañana,1
20170041,1,2017-04-03,2017,4,3,CALLE,7,-58.45485084,-34.63531854,MOTO,AUTO,Noche,0
20170045,1,2017-04-14,2017,4,14,CALLE,10,-58.52449285,-34.62454175,MOTO,OBJETO FIJO,Mañana,1
20170047,1,2017-04-23,2017,4,23,AVENIDA,8,-58.46713742,-34.67198790,MOTO,AUTO,Mañana,1
20170049,1,2017-04-27,2017,4,27,AVENIDA,8,-58.43850413,-34.65554754,PEATON,PASAJEROS,Noche,1
20170050,2,2017-04-28,2017,4,28,AUTOPISTA,9,-58.47297505,-34.63659934,MOTO,CARGAS,Mañana,2
20170051,1,2017-05-01,2017,5,1,AUTOPISTA,7,-58.43052224,-34.62941648,AUTO,AUTO,Madrugada,1
20170052,1,2017-05-05,2017,5,5,GRAL PAZ,8,-58.49413799,-34.68095739,PEATON,CARGAS,Madrugada,1
20170053,1,2017-05-05,2017,5,5,CALLE,4,-58.37547846,-34.65326075,MOTO,CARGAS,Noche,1
20170054,1,2017-05-07,2017,5,7,AVENIDA,15,-58.48680218,-34.58689719,MOTO,AUTO,Noche,1
20170055,1,2017-05-09,2017,5,9,AVENIDA,12,-58.49563989,-34.57962262,AUTO,AUTO,Mañana,1
20170058,1,2017-05-09,2017,5,9,AVENIDA,1,-58.38403232,-34.59915940,PEATON,MOTO,Noche,1
20170059,1,2017-05-11,2017,5,11,CALLE,1,-58.38223382,-34.62693865,PEATON,PASAJEROS,Mañana,1
20170060,1,2017-05-13,2017,5,13,AVENIDA,8,-58.45966521,-34.67323292,MOTO,OBJETO FIJO,Mañana,1
20170061,1,2017-05-15,2017,5,15,AVENIDA,2,-58.39303911,-34.59871111,PEATON,MOTO,Tarde,1
20170062,1,2017-05-15,2017,5,15,AVENIDA,10,-58.51262106,-34.63395999,MOTO,CARGAS,Tarde,1
20170063,1,2017-05-17,2017,5,17,AVENIDA,1,-58.38118367,-34.61646839,PEATON,PASAJEROS,Mañana,1
20170064,1,2017-05-20,2017,5,20,CALLE,1,-58.37653284,-34.60582475,CARGAS,AUTO,Madrugada,1
20170065,1,2017-05-22,2017,5,22,AVENIDA,4,-58.37709334,-34.64035082,BICICLETA,CARGAS,Tarde,1
20170066,1,2017-05-22,2017,5,22,AVENIDA,15,-58.46002142,-34.60409469,PEATON,PASAJEROS,Noche,1
20170067,1,2017-05-23,2017,5,23,AVENIDA,6,-58.43381970,-34.62801894,MOTO,CARGAS,Madrugada,1
20170068,1,2017-05-27,2017,5,27,AVENIDA,8,-58.43580656,-34.66437532,MOTO,OBJETO FIJO,Noche,1
20170070,1,2017-05-30,2017,5,30,CALLE,11,-58.50791763,-34.59804273,PEATON,AUTO,Tarde,1
20170072,1,2017-06-03,2017,6,3,AVENIDA,12,-58.49175088,-34.58226957,AUTO,AUTO,Noche,1
20170073,1,2017-06-04,2017,6,4,AVENIDA,3,-58.40781467,-34.60425669,MOTO,AUTO,Mañana,1
20170075,1,2017-06-12,2017,6,12,AVENIDA,1,-58.38154200,-34.60906385,PEATON,MOTO,Noche,1
20170076,1,2017-06-13,2017,6,13,AVENIDA,2,-58.38526125,-34.57805810,PEATON,CARGAS,Tarde,1
20170077,1,2017-06-17,2017,6,17,CALLE,14,-58.42934104,-34.58451712,MOTO,CARGAS,Noche,1
20170079,1,2017-06-19,2017,6,19,CALLE,3,-58.40657493,-34.61781124,MOTO,CARGAS,Tarde,1
20170080,1,2017-06-22,2017,6,22,AVENIDA,9,-58.49525314,-34.64487785,PEATON,CARGAS,Mañana,1
20170082,1,2017-06-25,2017,6,25,AVENIDA,4,-58.39092851,-34.62932696,PEATON,AUTO,Noche,1
20170083,1,2017-07-04,2017,7,4,AVENIDA,9,-58.49603546,-34.64564271,MOTO,CARGAS,Madrugada,1
20170084,1,2017-07-05,2017,7,5,AVENIDA,2,-58.38502878,-34.58703485,PEATON,PASAJEROS,Tarde,1
20170085,1,2017-07-07,2017,7,7,AVENIDA,4,-58.37261143,-34.63150425,PEATON,PASAJEROS,Tarde,1
20170086,1,2017-07-09,2017,7,9,AVENIDA,9,-58.51876802,-34.63905965,PEATON,MOTO,Mañana,1
20170087,1,2017-07-10,2017,7,10,CALLE,3,-58.41095567,-34.61516101,PEATON,AUTO,Mañana,1
20170088,1,2017-07-10,2017,7,10,AVENIDA,1,-58.36797542,-34.62519403,PEATON,PASAJEROS,Noche,1
20170090,1,2017-07-15,2017,7,15,GRAL PAZ,11,-58.51925642,-34.59171721,PEATON,AUTO,Madrugada,1
20170092,1,2017-07-24,2017,7,24,AUTOPISTA,1,-58.38268809,-34.62282019,PEATON,AUTO,Noche,1
20170093,1,2017-07-25,2017,7,25,AUTOPISTA,13,-58.43633522,-34.54966288,PEATON,AUTO,Tarde,1
20170094,1,2017-07-27,2017,7,27,CALLE,10,-58.52640838,-34.61765855,BICICLETA,CARGAS,Mañana,1
20170095,1,2017-08-06,2017,8,6,AVENIDA,14,-58.41894306,-34.59778875,MOTO,AUTO,Mañana,1
20170096,1,2017-08-07,2017,8,7,AVENIDA,13,-58.46756026,-34.54972741,PEATON,PASAJEROS,Noche,1
20170098,1,2017-08-08,2017,8,8,CALLE,7,-58.45715752,-34.63132912,PEATON,AUTO,Tarde,1
20170099,1,2017-08-17,2017,8,17,AVENIDA,14,-58.42406784,-34.56213916,BICICLETA,AUTO,Noche,1
20170100,1,2017-08-21,2017,8,21,CALLE,3,-58.39674470,-34.61512051,MOTO,OBJETO FIJO,Mañana,1
20170101,1,2017-08-23,2017,8,23,AVENIDA,13,-58.44537508,-34.57084818,PEATON,MULTIPLE,Mañana,1
20170102,1,2017-08-24,2017,8,24,AVENIDA,4,-58.40056767,-34.65107080,PEATON,CARGAS,Madrugada,1
20170104,1,2017-08-25,2017,8,25,AVENIDA,1,-58.38109568,-34.61853244,PEATON,CARGAS,Mañana,1
20170106,1,2017-08-31,2017,8,31,CALLE,14,-58.42533612,-34.58035258,PEATON,PASAJEROS,Noche,1
20170107,1,2017-09-01,2017,9,1,AVENIDA,13,-58.46062311,-34.54395182,MOTO,CARGAS,Mañana,1
20170108,2,2017-09-02,2017,9,2,GRAL PAZ,12,-58.49491054,-34.54795581,OBJETO FIJO,AUTO,Madrugada,2
20170109,1,2017-09-04,2017,9,4,AVENIDA,7,-58.47130269,-34.63665402,MOTO,AUTO,Noche,1
20170110,1,2017-09-06,2017,9,6,AVENIDA,1,-58.37048800,-34.60189492,PEATON,PASAJEROS,Tarde,1
20170111,1,2017-09-07,2017,9,7,CALLE,4,-58.42023854,-34.64234110,PEATON,CARGAS,Noche,1
20170112,2,2017-09-10,2017,9,10,AUTOPISTA,7,-58.45807401,-34.63997430,AUTO,OBJETO FIJO,Mañana,1
20170113,1,2017-09-11,2017,9,11,AVENIDA,1,-58.37697717,-34.59573848,PEATON,PASAJEROS,Mañana,1
20170114,1,2017-09-15,2017,9,15,AVENIDA,2,-58.39100580,-34.58498660,AUTO,OBJETO FIJO,Madrugada,1
20170115,1,2017-09-19,2017,9,19,AVENIDA,5,-58.42182126,-34.63089661,MOTO,BICICLETA,Noche,0
20170116,1,2017-09-20,2017,9,20,GRAL PAZ,12,-58.51389422,-34.58075791,MOTO,OBJETO FIJO,Noche,1
20170118,1,2017-09-22,2017,9,22,AVENIDA,4,-58.37585415,-34.65232158,MOTO,AUTO,Mañana,1
20170120,1,2017-10-02,2017,10,2,AUTOPISTA,9,-58.47297505,-34.66245085,MOTO,CARGAS,Tarde,1
20170123,1,2017-10-10,2017,10,10,AVENIDA,8,-58.46855503,-34.67216349,PEATON,AUTO,Madrugada,1
20170124,1,2017-10-12,2017,10,12,CALLE,15,-58.44254033,-34.59185043,MOTO,PASAJEROS,Tarde,1
20170125,1,2017-10-13,2017,10,13,AVENIDA,8,-58.46622247,-34.67926929,MOTO,OBJETO FIJO,Mañana,1
20170126,2,2017-10-14,2017,10,14,AVENIDA,8,-58.48003734,-34.68148508,AUTO,OBJETO FIJO,Mañana,1
20170127,1,2017-10-16,2017,10,16,AVENIDA,2,-58.41192137,-34.59800248,MOTO,MOTO,Mañana,1
20170128,1,2017-10-17,2017,10,17,CALLE,6,-58.44034689,-34.61349731,PEATON,PASAJEROS,Tarde,1
20170129,1,2017-10-26,2017,10,26,AUTOPISTA,9,-58.47155277,-34.64925746,MOTO,PASAJEROS,Noche,1
20170130,1,2017-10-27,2017,10,27,AVENIDA,15,-58.47883099,-34.59967065,AUTO,CARGAS,Madrugada,1
20170132,1,2017-10-30,2017,10,30,AVENIDA,8,-58.46552171,-34.69374130,MOTO,PASAJEROS,Tarde,1
20170134,1,2017-11-06,2017,11,6,AVENIDA,8,-58.44239720,-34.66777987,PEATON,PASAJEROS,Noche,1
20170135,1,2017-11-07,2017,11,7,AVENIDA,15,-58.47032551,-34.59626814,MOTO,CARGAS,Tarde,1
20170136,1,2017-11-16,2017,11,16,AVENIDA,4,-58.41827843,-34.65522746,PEATON,PASAJEROS,Mañana,1
20170137,1,2017-11-17,2017,11,17,AVENIDA,11,-58.51280715,-34.59279388,PEATON,CARGAS,Mañana,1
20170138,1,2017-11-19,2017,11,19,AVENIDA,7,-58.46258582,-34.64385704,MOTO,OBJETO FIJO,Mañana,1
20170139,1,2017-11-19,2017,11,19,AVENIDA,8,-58.45064148,-34.68003614,AUTO,OBJETO FIJO,Noche,1
20170140,1,2017-11-19,2017,11,19,AUTOPISTA,4,-58.37157668,-34.64035082,MOTO,PASAJEROS,Noche,1
20170141,1,2017-11-23,2017,11,23,AVENIDA,6,-58.42717783,-34.62513374,PEATON,PASAJEROS,Noche,1
20170143,1,2017-11-25,2017,11,25,CALLE,11,-58.46442001,-34.60724519,AUTO,PASAJEROS,Noche,1
20170144,1,2017-11-26,2017,11,26,GRAL PAZ,8,-58.47064556,-34.69843756,AUTO,OBJETO FIJO,Mañana,1
20170145,1,2017-11-26,2017,11,26,CALLE,5,-58.41677733,-34.61223119,MOTO,AUTO,Tarde,1
20170147,1,2017-11-28,2017,11,28,GRAL PAZ,9,-58.50251790,-34.67450313,MOTO,AUTO,Mañana,1
20170148,1,2017-11-29,2017,11,29,AVENIDA,3,-58.40708125,-34.62438894,PEATON,PASAJEROS,Mañana,1
20170149,1,2017-11-30,2017,11,30,AVENIDA,1,-58.36947198,-34.61477051,PEATON,PASAJEROS,Tarde,1
20170150,1,2017-12-04,2017,12,4,AVENIDA,9,-58.51140889,-34.63934531,PEATON,AUTO,Madrugada,1
20170151,1,2017-12-04,2017,12,4,CALLE,4,-58.37460912,-34.65559133,PEATON,PASAJEROS,Madrugada,1
20170152,1,2017-12-06,2017,12,6,CALLE,4,-58.41146277,-34.65073916,BICICLETA,PASAJEROS,Tarde,1
20170153,2,2017-12-11,2017,12,11,AVENIDA,6,-58.42855267,-34.61829385,MOTO,PASAJEROS,Madrugada,2
20170154,1,2017-12-11,2017,12,11,AVENIDA,4,-58.39035581,-34.63412287,PEATON,PASAJEROS,Mañana,1
20170157,1,2017-12-17,2017,12,17,GRAL PAZ,9,-58.52866211,-34.64597065,AUTO,PASAJEROS,Mañana,1
20170158,1,2017-12-18,2017,12,18,GRAL PAZ,11,-58.52037476,-34.59407024,MOTO,AUTO,Noche,1
20170159,1,2017-12-20,2017,12,20,AVENIDA,1,-58.38896772,-34.61799615,MOTO,AUTO,Madrugada,1
20170160,1,2017-12-22,2017,12,22,AVENIDA,7,-58.47074114,-34.62771756,PEATON,MOTO,Tarde,1
20170161,1,2017-12-26,2017,12,26,AVENIDA,9,-58.48200819,-34.65969965,PEATON,AUTO,Tarde,1
20180001,1,2018-01-01,2018,1,1,AVENIDA,3,-58.39536773,-34.62297346,PEATON,MOTO,Noche,1
20180002,1,2018-01-03,2018,1,3,CALLE,1,-58.37456088,-34.61895467,BICICLETA,PASAJEROS,Tarde,1
20180003,1,2018-01-05,2018,1,5,AVENIDA,15,-58.44860217,-34.60395657,PEATON,MULTIPLE,Mañana,1
20180004,1,2018-01-09,2018,1,9,AVENIDA,13,-58.46129513,-34.54332766,MOTO,MULTIPLE,Mañana,1
20180005,1,2018-01-09,2018,1,9,AVENIDA,1,-58.36907201,-34.61953517,PEATON,PASAJEROS,Noche,1
20180006,1,2018-01-10,2018,1,10,CALLE,6,-58.44062219,-34.62499107,BICICLETA,PASAJEROS,Noche,1
20180007,1,2018-01-11,2018,1,11,AUTOPISTA,9,-58.52502765,-34.63601265,AUTO,AUTO,Madrugada,1
20180008,1,2018-01-12,2018,1,12,AVENIDA,1,-58.36659655,-34.61687778,MOTO,CARGAS,Tarde,1
20180009,1,2018-01-14,2018,1,14,AVENIDA,4,-58.36737389,-34.62763661,MOTO,MOTO,Madrugada,1
20180010,1,2018-01-18,2018,1,18,CALLE,10,-58.49807953,-34.63038658,MOTO,CARGAS,Madrugada,1
20180011,1,2018-01-19,2018,1,19,AVENIDA,2,-58.39092703,-34.59088447,PEATON,PASAJEROS,Mañana,1
20180012,1,2018-01-26,2018,1,26,CALLE,8,-58.46912006,-34.68049201,MOTO,PASAJEROS,Tarde,1
20180013,1,2018-01-28,2018,1,28,AVENIDA,12,-58.48661286,-34.56786129,MOTO,AUTO,Mañana,1
20180014,1,2018-01-31,2018,1,31,AVENIDA,7,-58.44074927,-34.65080597,PEATON,MOTO,Noche,1
20180015,2,2018-02-06,2018,2,6,AVENIDA,4,-58.38636298,-34.64684275,MOTO,PASAJEROS,Madrugada,2
20180016,1,2018-02-15,2018,2,15,AVENIDA,1,-58.37533517,-34.59276462,MOTO,CARGAS,Mañana,1
20180017,1,2018-02-17,2018,2,17,AVENIDA,7,-58.46963952,-34.63070603,PEATON,AUTO,Madrugada,1
20180018,1,2018-02-17,2018,2,17,CALLE,4,-58.37207554,-34.64543658,MOTO,CARGAS,Mañana,1
20180019,1,2018-02-17,2018,2,17,AVENIDA,2,-58.39189441,-34.59176378,PEATON,PASAJEROS,Tarde,1
20180020,1,2018-02-19,2018,2,19,AUTOPISTA,8,-58.45012957,-34.66518343,MOTO,CARGAS,Noche,1
20180021,1,2018-02-22,2018,2,22,AVENIDA,4,-58.40184094,-34.64546845,PEATON,PASAJEROS,Mañana,1
20180022,1,2018-02-24,2018,2,24,AVENIDA,4,-58.37441153,-34.63966783,MOTO,CARGAS,Madrugada,1
20180023,1,2018-02-24,2018,2,24,CALLE,6,-58.44110156,-34.62082399,MOTO,AUTO,Mañana,1
20180024,1,2018-02-28,2018,2,28,AVENIDA,15,-58.47087351,-34.57827342,PEATON,CARGAS,Noche,1
20180025,1,2018-03-04,2018,3,4,AVENIDA,7,-58.45962210,-34.62245140,PEATON,AUTO,Noche,1
20180026,2,2018-03-09,2018,3,9,AVENIDA,4,-58.41657793,-34.65476216,MOVIL,CARGAS,Madrugada,2
20180027,1,2018-03-11,2018,3,11,CALLE,5,-58.41911301,-34.63722107,PEATON,MOTO,Noche,1
20180028,1,2018-03-13,2018,3,13,AVENIDA,9,-58.47120586,-34.64251042,PEATON,CARGAS,Tarde,1
20180029,1,2018-03-15,2018,3,15,AVENIDA,11,-58.47418944,-34.62049672,MOTO,AUTO,Noche,1
20180030,1,2018-03-20,2018,3,20,AVENIDA,15,-58.46720441,-34.57905579,MOTO,MOTO,Madrugada,1
20180031,1,2018-03-28,2018,3,28,AVENIDA,11,-58.46909362,-34.61779710,MOTO,CARGAS,Mañana,1
20180032,1,2018-04-02,2018,4,2,AVENIDA,13,-58.44704343,-34.56888640,PEATON,PASAJEROS,Tarde,1
20180033,1,2018-04-07,2018,4,7,AVENIDA,10,-58.50535541,-34.62902048,MOTO,CARGAS,Mañana,1
20180034,1,2018-04-11,2018,4,11,AVENIDA,2,-58.40021675,-34.59522198,PEATON,PASAJEROS,Noche,1
20180035,1,2018-04-12,2018,4,12,AVENIDA,7,-58.46325991,-34.62919627,PEATON,PASAJEROS,Tarde,1
20180036,1,2018-04-13,2018,4,13,AVENIDA,15,-58.49471482,-34.59694755,MOTO,AUTO,Noche,1
20180037,1,2018-04-18,2018,4,18,AVENIDA,2,-58.39872610,-34.59975962,PEATON,CARGAS,Noche,1
20180038,2,2018-04-20,2018,4,20,AVENIDA,1,-58.38872177,-34.60885045,PEATON,AUTO,Tarde,2
20180039,1,2018-04-21,2018,4,21,AUTOPISTA,14,-58.40786274,-34.56726817,PEATON,AUTO,Noche,1
20180040,1,2018-04-27,2018,4,27,CALLE,13,-58.45686132,-34.57305993,PEATON,CARGAS,Mañana,1
20180041,1,2018-04-27,2018,4,27,AVENIDA,4,-58.42281627,-34.64282424,PEATON,PASAJEROS,Tarde,1
20180042,1,2018-04-27,2018,4,27,CALLE,4,-58.38666024,-34.63953396,MOTO,CARGAS,Noche,1
20180043,1,2018-04-28,2018,4,28,AVENIDA,11,-58.49122843,-34.61207587,MOTO,AUTO,Mañana,1
20180044,1,2018-04-28,2018,4,28,AVENIDA,3,-58.40098306,-34.61866627,PEATON,AUTO,Mañana,1
20180045,1,2018-04-30,2018,4,30,AVENIDA,13,-58.45448963,-34.57916920,AUTO,CARGAS,Mañana,1
20180046,1,2018-05-02,2018,5,2,GRAL PAZ,9,-58.52927982,-34.63931752,PEATON,AUTO,Madrugada,1
20180047,1,2018-05-08,2018,5,8,AVENIDA,15,-58.44759966,-34.59170240,PEATON,PASAJEROS,Noche,1
20180048,1,2018-05-09,2018,5,9,AVENIDA,7,-58.46411215,-34.62925068,PEATON,PASAJEROS,Mañana,1
20180049,1,2018-05-11,2018,5,11,CALLE,13,-58.46213220,-34.55395823,PEATON,AUTO,Noche,1
20180050,1,2018-05-14,2018,5,14,AVENIDA,13,-58.45669422,-34.56203610,PEATON,PASAJEROS,Noche,1
20180051,1,2018-05-15,2018,5,15,CALLE,4,-58.35977160,-34.64341878,PEATON,AUTO,Noche,1
20180052,1,2018-05-18,2018,5,18,AVENIDA,15,-58.49820145,-34.59070093,PEATON,PASAJEROS,Noche,1
20180053,1,2018-05-20,2018,5,20,CALLE,3,-58.41059280,-34.59939180,MOTO,AUTO,Madrugada,1
20180054,1,2018-05-22,2018,5,22,CALLE,12,-58.47969138,-34.57121563,PEATON,BICICLETA,Mañana,1
20180055,1,2018-05-29,2018,5,29,AVENIDA,3,-58.40351561,-34.61883916,MOTO,AUTO,Mañana,1
20180056,1,2018-06-02,2018,6,2,AVENIDA,9,-58.51973844,-34.63918987,PEATON,PASAJEROS,Tarde,1
20180057,1,2018-06-03,2018,6,3,CALLE,3,-58.39311376,-34.62163006,MOTO,PASAJEROS,Madrugada,1
20180058,1,2018-06-03,2018,6,3,AVENIDA,15,-58.43531242,-34.59082159,MOTO,AUTO,Mañana,1
20180059,1,2018-06-08,2018,6,8,AVENIDA,5,-58.41178165,-34.63035454,MOTO,OTRO,Mañana,1
20180060,1,2018-06-08,2018,6,8,AVENIDA,1,-58.37048800,-34.60189492,PEATON,PASAJEROS,Tarde,1
20180061,1,2018-06-10,2018,6,10,CALLE,3,-58.39883882,-34.61964833,MOTO,MOTO,Mañana,1
20180062,1,2018-06-14,2018,6,14,CALLE,6,-58.44110156,-34.62082399,PEATON,CARGAS,Madrugada,1
20180063,1,2018-06-16,2018,6,16,AVENIDA,1,-58.37093138,-34.59952725,PEATON,PASAJEROS,Noche,1
20180064,1,2018-06-25,2018,6,25,AVENIDA,7,-58.45855262,-34.63953253,AUTO,CARGAS,Madrugada,1
20180065,1,2018-06-26,2018,6,26,CALLE,1,-58.38161909,-34.59283447,MOTO,CARGAS,Tarde,1
20180066,1,2018-06-28,2018,6,28,AVENIDA,15,-58.45511899,-34.58698157,PEATON,PASAJEROS,Mañana,1
20180067,1,2018-06-29,2018,6,29,AVENIDA,4,-58.37724226,-34.62973033,PASAJEROS,AUTO,Tarde,1
20180068,1,2018-07-01,2018,7,1,AVENIDA,7,-58.45546217,-34.62930339,MOTO,AUTO,Mañana,1
20180069,1,2018-07-04,2018,7,4,AVENIDA,2,-58.39897064,-34.59954925,BICICLETA,PASAJEROS,Noche,1
20180070,1,2018-07-07,2018,7,7,CALLE,3,-58.40917826,-34.62126274,MOTO,PASAJEROS,Tarde,1
20180071,1,2018-07-10,2018,7,10,AVENIDA,1,-58.36726348,-34.61099738,MOTO,CARGAS,Tarde,1
20180072,1,2018-07-11,2018,7,11,AUTOPISTA,8,-58.48267426,-34.68454456,MOTO,CARGAS,Tarde,1
20180073,1,2018-07-11,2018,7,11,AVENIDA,4,-58.39546165,-34.65168841,PEATON,CARGAS,Tarde,1
20180074,1,2018-07-14,2018,7,14,AVENIDA,7,-58.46941984,-34.63376545,AUTO,CARGAS,Mañana,1
20180075,1,2018-07-15,2018,7,15,AVENIDA,14,-58.40367321,-34.58129246,PEATON,AUTO,Mañana,1
20180076,1,2018-07-16,2018,7,16,CALLE,9,-58.52932872,-34.65014993,AUTO,CARGAS,Mañana,1
20180077,1,2018-07-16,2018,7,16,CALLE,3,-58.40917826,-34.62126274,AUTO,CARGAS,Noche,1
20180078,1,2018-07-21,2018,7,21,CALLE,2,-58.41264127,-34.59473294,PEATON,AUTO,Mañana,1
20180079,1,2018-07-23,2018,7,23,GRAL PAZ,9,-58.50877521,-34.66977709,PEATON,CARGAS,Mañana,1
20180080,1,2018-07-25,2018,7,25,AVENIDA,9,-58.51232237,-34.65903530,PEATON,AUTO,Noche,1
20180081,1,2018-07-29,2018,7,29,AVENIDA,7,-58.44744156,-34.64567171,PEATON,MULTIPLE,Mañana,1
20180082,1,2018-08-01,2018,8,1,AVENIDA,9,-58.49441273,-34.65869968,MOTO,CARGAS,Tarde,1
20180083,1,2018-08-02,2018,8,2,GRAL PAZ,8,-58.47976785,-34.69153196,MOTO,CARGAS,Madrugada,1
20180084,1,2018-08-03,2018,8,3,AVENIDA,1,-58.36523349,-34.62260331,PEATON,CARGAS,Mañana,1
20180085,2,2018-08-03,2018,8,3,AVENIDA,3,-58.39118948,-34.62704273,MOTO,PASAJEROS,Noche,2
20180086,1,2018-08-10,2018,8,10,AVENIDA,9,-58.49019551,-34.65015854,PEATON,PASAJEROS,Noche,1
20180087,1,2018-08-15,2018,8,15,AVENIDA,5,-58.41644362,-34.63023775,PEATON,PASAJEROS,Noche,1
20180088,1,2018-08-17,2018,8,17,GRAL PAZ,12,-58.50073810,-34.54979510,MOTO,CARGAS,Tarde,1
20180089,1,2018-08-17,2018,8,17,AVENIDA,4,-58.39626094,-34.63036565,PEATON,PASAJEROS,Tarde,1
20180090,1,2018-08-18,2018,8,18,AVENIDA,8,-58.43284809,-34.67051543,MOTO,AUTO,Mañana,1
20180091,1,2018-08-19,2018,8,19,AUTOPISTA,9,-58.52280139,-34.63659934,AUTO,AUTO,Noche,1
20180092,1,2018-08-20,2018,8,20,AVENIDA,14,-58.42336930,-34.59774487,MOTO,AUTO,Mañana,1
20180093,1,2018-08-20,2018,8,20,CALLE,1,-58.38691681,-34.63105973,PEATON,PASAJEROS,Mañana,1
20180094,1,2018-08-23,2018,8,23,CALLE,14,-58.41169020,-34.58579880,MOTO,PASAJEROS,Madrugada,1
20180095,1,2018-08-26,2018,8,26,AVENIDA,9,-58.46739825,-34.65117757,AUTO,AUTO,Madrugada,1
20180096,1,2018-08-31,2018,8,31,AUTOPISTA,8,-58.44483258,-34.67152226,PEATON,AUTO,Noche,1
20180097,1,2018-09-02,2018,9,2,AVENIDA,8,-58.43254025,-34.66128115,AUTO,OTRO,Mañana,1
20180098,2,2018-09-09,2018,9,9,GRAL PAZ,8,-58.47199387,-34.69640164,AUTO,AUTO,Madrugada,2
20180099,1,2018-09-12,2018,9,12,AVENIDA,7,-58.46411215,-34.62925068,PEATON,PASAJEROS,Tarde,1
20180100,1,2018-09-20,2018,9,20,AVENIDA,1,-58.36217754,-34.62367156,MOTO,AUTO,Mañana,1
20180101,1,2018-09-21,2018,9,21,GRAL PAZ,12,-58.48098594,-34.54073130,AUTO,MULTIPLE,Madrugada,1
20180102,1,2018-09-21,2018,9,21,CALLE,4,-58.41083404,-34.64640709,MOTO,AUTO,Madrugada,1
20180103,1,2018-09-27,2018,9,27,AVENIDA,7,-58.44609828,-34.64446729,PEATON,MOTO,Tarde,1
20180104,1,2018-10-01,2018,10,1,AUTOPISTA,4,-58.37709334,-34.64035082,MOTO,MOTO,Mañana,1
20180105,1,2018-10-03,2018,10,3,AVENIDA,7,-58.46963952,-34.63070603,PEATON,PASAJEROS,Noche,1
20180106,1,2018-10-04,2018,10,4,AVENIDA,13,-58.43674281,-34.55161027,MOTO,MOTO,Noche,1
20180107,1,2018-10-06,2018,10,6,AVENIDA,3,-58.40596860,-34.61011987,PEATON,PASAJEROS,Tarde,1
20180108,1,2018-10-09,2018,10,9,AVENIDA,1,-58.36154069,-34.60463618,MOTO,AUTO,Tarde,1
20180109,1,2018-10-10,2018,10,10,AVENIDA,1,-58.37062179,-34.60066507,PEATON,PASAJEROS,Noche,1
20180110,1,2018-10-13,2018,10,13,AVENIDA,15,-58.43220014,-34.60207186,PEATON,MOTO,Madrugada,1
20180111,1,2018-10-19,2018,10,19,AUTOPISTA,9,-58.46958442,-34.64949724,MOTO,CARGAS,Tarde,1
20180112,1,2018-10-24,2018,10,24,CALLE,15,-58.44671397,-34.59970903,MOTO,CARGAS,Mañana,1
20180113,1,2018-10-25,2018,10,25,CALLE,11,-58.47152163,-34.61474911,MOTO,CARGAS,Mañana,1
20180114,1,2018-10-30,2018,10,30,AVENIDA,1,-58.39032921,-34.61807951,MOTO,AUTO,Madrugada,1
20180115,1,2018-10-31,2018,10,31,CALLE,9,-58.52887773,-34.64297861,PEATON,PASAJEROS,Tarde,1
20180116,1,2018-11-01,2018,11,1,GRAL PAZ,8,-58.49371157,-34.67981324,PEATON,CARGAS,Mañana,1
20180117,1,2018-11-04,2018,11,4,AVENIDA,9,-58.48266599,-34.66012327,MOTO,MOTO,Mañana,1
20180118,1,2018-11-05,2018,11,5,AVENIDA,3,-58.40612253,-34.60774301,PEATON,MOTO,Tarde,1
20180120,1,2018-11-09,2018,11,9,AVENIDA,12,-58.48250732,-34.57208238,PEATON,AUTO,Tarde,1
20180121,1,2018-11-09,2018,11,9,AVENIDA,10,-58.49945705,-34.63743280,PEATON,PASAJEROS,Tarde,1
20180122,1,2018-11-12,2018,11,12,AUTOPISTA,8,-58.47743966,-34.67233407,AUTO,AUTO,Madrugada,1
20180124,1,2018-11-15,2018,11,15,AUTOPISTA,9,-58.52144411,-34.63682499,CARGAS,CARGAS,Noche,1
20180125,1,2018-11-16,2018,11,16,AVENIDA,4,-58.41650465,-34.65084045,PEATON,PASAJEROS,Noche,1
20180126,1,2018-11-18,2018,11,18,GRAL PAZ,9,-58.52994219,-34.64055918,MOTO,AUTO,Tarde,1
20180127,1,2018-11-19,2018,11,19,GRAL PAZ,12,-58.50993046,-34.56919739,MOTO,MOTO,Mañana,1
20180128,2,2018-11-25,2018,11,25,GRAL PAZ,9,-58.52844623,-34.64592873,AUTO,PASAJEROS,Madrugada,2
20180129,1,2018-11-28,2018,11,28,AVENIDA,15,-58.45021367,-34.58695347,MOTO,PASAJEROS,Madrugada,1
20180130,1,2018-12-03,2018,12,3,AVENIDA,10,-58.49022072,-34.62770192,MOTO,PASAJEROS,Madrugada,1
20180131,1,2018-12-07,2018,12,7,AVENIDA,1,-58.36860866,-34.60106568,MOTO,CARGAS,Noche,1
20180132,1,2018-12-12,2018,12,12,AUTOPISTA,2,-58.39490504,-34.57241534,PEATON,CARGAS,Mañana,1
20180133,1,2018-12-12,2018,12,12,AVENIDA,7,-58.46963952,-34.63070603,PEATON,CARGAS,Tarde,1
20180134,1,2018-12-12,2018,12,12,AVENIDA,7,-58.42349365,-34.64019887,PEATON,MOTO,Noche,1
20180135,1,2018-12-18,2018,12,18,AVENIDA,1,-58.37471802,-34.61265002,PEATON,PASAJEROS,Tarde,1
20180136,1,2018-12-18,2018,12,18,AVENIDA,7,-58.46438789,-34.62913916,PEATON,PASAJEROS,Tarde,1
20180137,1,2018-12-18,2018,12,18,CALLE,1,-58.38481975,-34.61100424,MOTO,PASAJEROS,Noche,1
20180138,1,2018-12-21,2018,12,21,CALLE,10,-58.50751833,-34.62073702,PASAJEROS,PASAJEROS,Mañana,1
20180139,1,2018-12-22,2018,12,22,CALLE,7,-58.44682986,-34.63888084,MOTO,MOTO,Mañana,1
20180140,1,2018-12-22,2018,12,22,CALLE,1,-58.36004650,-34.61381341,AUTO,AUTO,Mañana,1
20180141,1,2018-12-22,2018,12,22,AVENIDA,5,-58.41509546,-34.62085945,PEATON,MOTO,Tarde,1
20180142,1,2018-12-25,2018,12,25,GRAL PAZ,12,-58.50997604,-34.57251072,CARGAS,PASAJEROS,Tarde,1
20180143,1,2018-12-29,2018,12,29,AVENIDA,10,-58.48606475,-34.64047818,MOTO,AUTO,Madrugada,1
20190001,1,2019-01-08,2019,1,8,AVENIDA,2,-58.38526125,-34.57805810,MOTO,CARGAS,Mañana,1
20190002,1,2019-01-09,2019,1,9,AVENIDA,7,-58.45463662,-34.65082149,AUTO,CARGAS,Madrugada,1
20190003,1,2019-01-12,2019,1,12,AVENIDA,15,-58.49121672,-34.59718073,MOTO,AUTO,Mañana,1
20190004,1,2019-01-14,2019,1,14,AVENIDA,9,-58.47325712,-34.65284605,AUTO,PASAJEROS,Noche,1
20190005,1,2019-01-19,2019,1,19,AVENIDA,10,-58.52108101,-34.63382309,MOTO,CARGAS,Tarde,1
20190006,1,2019-01-23,2019,1,23,AVENIDA,14,-58.41652702,-34.55509606,PEATON,AUTO,Madrugada,1
20190007,1,2019-01-26,2019,1,26,CALLE,5,-58.42891604,-34.61071660,MOTO,AUTO,Noche,1
20190008,1,2019-01-30,2019,1,30,GRAL PAZ,8,-58.47802293,-34.69156793,MOTO,MULTIPLE,Noche,1
20190009,1,2019-01-31,2019,1,31,AVENIDA,1,-58.37564821,-34.62200207,MOTO,AUTO,Tarde,1
20190010,2,2019-02-02,2019,2,2,AVENIDA,14,-58.42668489,-34.56961468,PEATON,AUTO,Mañana,2
20190011,1,2019-02-10,2019,2,10,GRAL PAZ,9,-58.51839930,-34.66252488,PEATON,AUTO,Madrugada,1
20190012,1,2019-02-17,2019,2,17,AVENIDA,8,-58.48432691,-34.67665828,MOTO,AUTO,Madrugada,1
20190013,1,2019-02-20,2019,2,20,CALLE,7,-58.43383830,-34.64457699,PEATON,AUTO,Mañana,1
20190014,1,2019-02-20,2019,2,20,CALLE,11,-58.51664939,-34.58657938,MOTO,OBJETO FIJO,Tarde,1
20190015,1,2019-02-23,2019,2,23,AVENIDA,11,-58.49613012,-34.59703502,AUTO,OBJETO FIJO,Mañana,1
20190016,1,2019-02-24,2019,2,24,CALLE,4,-58.38313603,-34.63356284,MOTO,PASAJEROS,Madrugada,1
20190017,1,2019-03-03,2019,3,3,CALLE,3,-58.39914719,-34.61632317,AUTO,PASAJEROS,Mañana,1
20190018,1,2019-03-03,2019,3,3,AUTOPISTA,13,-58.44927253,-34.54048625,PEATON,AUTO,Noche,1
20190019,1,2019-03-06,2019,3,6,AVENIDA,13,-58.45049163,-34.55374003,MOTO,AUTO,Tarde,1
20190020,1,2019-03-07,2019,3,7,AVENIDA,5,-58.41288952,-34.63572989,MOTO,AUTO,Noche,1
20190021,1,2019-03-15,2019,3,15,AVENIDA,7,-58.45743597,-34.62561234,MOTO,AUTO,Noche,1
20190023,1,2019-03-16,2019,3,16,GRAL PAZ,9,-58.52922765,-34.63637963,AUTO,OBJETO FIJO,Mañana,1
20190024,1,2019-03-19,2019,3,19,AVENIDA,1,-58.37208118,-34.58541957,MOTO,CARGAS,Mañana,1
20190025,1,2019-03-22,2019,3,22,CALLE,5,-58.41458534,-34.60937557,PEATON,AUTO,Tarde,1
20190026,1,2019-03-28,2019,3,28,AVENIDA,8,-58.47976785,-34.69153196,PEATON,PASAJEROS,Mañana,1
20190027,1,2019-03-28,2019,3,28,AVENIDA,2,-58.39990285,-34.59511714,BICICLETA,MULTIPLE,Mañana,1
20190028,1,2019-04-06,2019,4,6,AVENIDA,11,-58.46051346,-34.60588536,PEATON,PASAJEROS,Mañana,1
20190029,1,2019-04-07,2019,4,7,AVENIDA,8,-58.47976785,-34.69153196,MOTO,OBJETO FIJO,Mañana,1
20190030,1,2019-04-09,2019,4,9,CALLE,7,-58.45457546,-34.62447891,MOTO,CARGAS,Tarde,1
20190031,1,2019-04-12,2019,4,12,AVENIDA,1,-58.36951669,-34.59832047,BICICLETA,CARGAS,Noche,1
20190032,1,2019-04-16,2019,4,16,AVENIDA,11,-58.46415322,-34.60443790,PEATON,AUTO,Mañana,1
20190034,1,2019-04-21,2019,4,21,AVENIDA,7,-58.45537373,-34.65093074,MOTO,OBJETO FIJO,Mañana,1
20190035,1,2019-04-23,2019,4,23,CALLE,1,-58.37942637,-34.60053054,PEATON,BICICLETA,Tarde,1
20190036,1,2019-04-26,2019,4,26,CALLE,6,-58.43680440,-34.62147504,MOTO,AUTO,Noche,1
20190037,1,2019-05-01,2019,5,1,AVENIDA,3,-58.40778291,-34.61971907,MOTO,AUTO,Noche,1
20190038,1,2019-05-04,2019,5,4,AVENIDA,13,-58.45212523,-34.54628513,PEATON,MOTO,Tarde,1
20190039,1,2019-05-09,2019,5,9,AVENIDA,7,-58.46749188,-34.63551751,MOTO,AUTO,Madrugada,1
20190041,1,2019-05-11,2019,5,11,AVENIDA,9,-58.51140289,-34.65846419,AUTO,MULTIPLE,Noche,1
20190042,1,2019-05-14,2019,5,14,CALLE,1,-58.38211431,-34.62465368,PEATON,PASAJEROS,Tarde,1
20190043,1,2019-05-21,2019,5,21,AVENIDA,1,-58.36951669,-34.59832047,BICICLETA,CARGAS,Mañana,1
20190044,1,2019-05-27,2019,5,27,AVENIDA,5,-58.41635217,-34.62036547,PEATON,MOTO,Tarde,1
20190045,1,2019-06-03,2019,6,3,AVENIDA,14,-58.41316147,-34.57579669,MOTO,CARGAS,Mañana,1
20190046,1,2019-06-04,2019,6,4,GRAL PAZ,13,-58.47617802,-34.53825652,MOTO,AUTO,Mañana,1
20190047,1,2019-06-06,2019,6,6,AVENIDA,4,-58.38641783,-34.63330028,PEATON,CARGAS,Mañana,1
20190048,1,2019-06-07,2019,6,7,AVENIDA,6,-58.45322169,-34.62038137,MOTO,CARGAS,Mañana,1
20190049,1,2019-06-08,2019,6,8,CALLE,13,-58.45849057,-34.56166498,PEATON,CARGAS,Mañana,1
20190050,1,2019-06-08,2019,6,8,AVENIDA,14,-58.41829559,-34.59411677,MOTO,CARGAS,Noche,1
20190051,1,2019-06-11,2019,6,11,CALLE,4,-58.36376488,-34.63832093,MOTO,AUTO,Mañana,1
20190053,1,2019-06-14,2019,6,14,AVENIDA,8,-58.46442668,-34.66004784,AUTO,AUTO,Tarde,1
20190054,1,2019-06-20,2019,6,20,CALLE,15,-58.48222035,-34.58428769,MOTO,OBJETO FIJO,Madrugada,1
20190055,1,2019-06-20,2019,6,20,AVENIDA,1,-58.36819005,-34.60283208,MOTO,PASAJEROS,Noche,1
20190056,1,2019-06-29,2019,6,29,AVENIDA,7,-58.45877601,-34.62330939,PEATON,AUTO,Tarde,1
20190057,1,2019-07-05,2019,7,5,CALLE,13,-58.44196498,-34.55760517,PEATON,AUTO,Noche,1
20190058,1,2019-07-10,2019,7,10,AUTOPISTA,10,-58.50622631,-34.63627822,MOTO,PASAJEROS,Mañana,1
20190059,1,2019-07-13,2019,7,13,CALLE,1,-58.38410880,-34.63099197,MOTO,PASAJEROS,Noche,1
20190060,1,2019-07-17,2019,7,17,AVENIDA,10,-58.48100602,-34.63504312,PEATON,AUTO,Mañana,1
20190061,1,2019-07-17,2019,7,17,CALLE,13,-58.45200171,-34.55781320,PEATON,PASAJEROS,Noche,1
20190062,1,2019-08-01,2019,8,1,AVENIDA,13,-58.44462132,-34.56201105,PEATON,PASAJEROS,Noche,1
20190063,1,2019-08-04,2019,8,4,AVENIDA,15,-58.45220688,-34.58711712,MOTO,PASAJEROS,Madrugada,1
20190064,1,2019-08-06,2019,8,6,AVENIDA,7,-58.45962210,-34.62245140,MOTO,AUTO,Madrugada,1
20190065,1,2019-08-08,2019,8,8,CALLE,4,-58.41970850,-34.65414867,PEATON,PASAJEROS,Tarde,1
20190066,1,2019-08-11,2019,8,11,AVENIDA,7,-58.44187596,-34.64938031,PEATON,AUTO,Noche,1
20190067,1,2019-08-14,2019,8,14,CALLE,10,-58.49101637,-34.64276621,MOTO,CARGAS,Tarde,1
20190068,1,2019-08-14,2019,8,14,AVENIDA,8,-58.42493829,-34.66256502,MOTO,MOTO,Tarde,1
20190069,1,2019-08-17,2019,8,17,AVENIDA,4,-58.40489318,-34.62930162,MOTO,AUTO,Madrugada,1
20190070,1,2019-08-22,2019,8,22,AVENIDA,14,-58.42686680,-34.59217875,MOTO,BICICLETA,Tarde,1
20190071,1,2019-08-27,2019,8,27,AVENIDA,9,-58.47961100,-34.65620398,PEATON,CARGAS,Mañana,1
20190072,1,2019-08-28,2019,8,28,AVENIDA,10,-58.47439934,-34.63524207,AUTO,AUTO,Mañana,1
20190073,1,2019-08-29,2019,8,29,AVENIDA,15,-58.46711912,-34.57926018,AUTO,OBJETO FIJO,Madrugada,1
20190074,1,2019-08-29,2019,8,29,AUTOPISTA,13,-58.46514781,-34.53465378,MOTO,CARGAS,Mañana,1
20190075,1,2019-08-30,2019,8,30,CALLE,4,-58.37571078,-34.65584079,MOTO,PASAJEROS,Noche,1
20190076,1,2019-09-05,2019,9,5,AUTOPISTA,4,-58.37157668,-34.65429986,MOTO,CARGAS,Noche,1
20190077,1,2019-09-08,2019,9,8,AVENIDA,14,-58.39811256,-34.58070186,PEATON,AUTO,Madrugada,1
20190078,1,2019-09-12,2019,9,12,AVENIDA,4,-58.41125934,-34.65417740,PEATON,CARGAS,Mañana,1
20190079,1,2019-09-17,2019,9,17,CALLE,5,-58.41822901,-34.61866836,MOTO,PASAJEROS,Madrugada,1
20190080,1,2019-09-17,2019,9,17,GRAL PAZ,13,-58.47617802,-34.53825652,PEATON,MOTO,Noche,1
20190081,1,2019-09-23,2019,9,23,AVENIDA,15,-58.46141281,-34.58623761,PEATON,PASAJEROS,Tarde,1
20190082,1,2019-09-25,2019,9,25,AVENIDA,8,-58.42985146,-34.66119740,BICICLETA,CARGAS,Mañana,1
20190083,1,2019-09-26,2019,9,26,CALLE,9,-58.48457413,-34.65839090,AUTO,AUTO,Mañana,1
20190084,1,2019-09-27,2019,9,27,CALLE,7,-58.46572884,-34.63628186,BICICLETA,CARGAS,Mañana,1
20190085,1,2019-10-09,2019,10,9,CALLE,10,-58.49261744,-34.63419130,BICICLETA,TREN,Noche,1
20190086,1,2019-10-15,2019,10,15,AVENIDA,15,-58.45283186,-34.58841560,MOTO,PASAJEROS,Tarde,1
20190087,1,2019-10-21,2019,10,21,AVENIDA,12,-58.47973681,-34.57418656,MOTO,MOTO,Noche,1
20190088,1,2019-10-22,2019,10,22,AVENIDA,4,-58.40623949,-34.65076549,PEATON,PASAJEROS,Noche,1
20190089,1,2019-10-23,2019,10,23,AVENIDA,4,-58.36244648,-34.63107887,PEATON,CARGAS,Tarde,1
20190090,1,2019-10-24,2019,10,24,AVENIDA,9,-58.49962423,-34.64868027,PEATON,MOTO,Noche,1
20190091,1,2019-11-01,2019,11,1,AVENIDA,15,-58.44551437,-34.59559816,PEATON,PASAJEROS,Noche,1
20190092,1,2019-11-03,2019,11,3,CALLE,4,-58.35608181,-34.63420319,PEATON,PASAJEROS,Mañana,1
20190093,1,2019-11-13,2019,11,13,AVENIDA,11,-58.46483679,-34.60907662,BICICLETA,OTRO,Mañana,1
20190094,1,2019-11-18,2019,11,18,CALLE,15,-58.44368628,-34.59724326,MOTO,OTRO,Tarde,1
20190095,1,2019-11-20,2019,11,20,AUTOPISTA,1,-58.37864583,-34.62907067,MOTO,CARGAS,Tarde,1
20190096,1,2019-11-22,2019,11,22,AVENIDA,1,-58.37560352,-34.62726382,PEATON,PASAJEROS,Noche,1
20190097,1,2019-11-25,2019,11,25,AUTOPISTA,9,-58.47721439,-34.64815069,MOTO,MULTIPLE,Mañana,1
20190098,1,2019-11-25,2019,11,25,AVENIDA,15,-58.45134029,-34.58984288,PASAJEROS,PASAJEROS,Tarde,1
20190100,1,2019-12-05,2019,12,5,AVENIDA,12,-58.49040794,-34.58368803,MOTO,AUTO,Tarde,1
20190101,1,2019-12-17,2019,12,17,AVENIDA,4,-58.42102679,-34.64991178,MOTO,MOTO,Madrugada,1
20190102,1,2019-12-17,2019,12,17,CALLE,9,-58.52219407,-34.64143926,MOTO,AUTO,Tarde,1
20190104,1,2019-12-21,2019,12,21,AVENIDA,10,-58.47460416,-34.63206174,MOTO,AUTO,Madrugada,1
20190105,1,2019-05-05,2019,5,5,AVENIDA,10,-58.50512382,-34.61520391,PEATON,AUTO,Mañana,1
20200001,1,2020-01-04,2020,1,4,CALLE,15,-58.43910409,-34.59213355,PEATON,AUTO,Mañana,1
20200002,1,2020-01-05,2020,1,5,AVENIDA,7,-58.45019436,-34.64646409,MOTO,OBJETO FIJO,Noche,1
20200003,1,2020-01-11,2020,1,11,AVENIDA,3,-58.39337644,-34.60927582,PEATON,AUTO,Mañana,1
20200004,1,2020-01-14,2020,1,14,AVENIDA,1,-58.39055614,-34.60919284,PEATON,PASAJEROS,Noche,1
20200005,1,2020-01-14,2020,1,14,AVENIDA,3,-58.41036975,-34.62477021,MOTO,PASAJEROS,Mañana,1
20200006,1,2020-01-20,2020,1,20,AVENIDA,8,-58.44925765,-34.65412546,MOTO,CARGAS,Tarde,1
20200007,1,2020-01-27,2020,1,27,CALLE,1,-58.38156850,-34.61648696,PEATON,MOTO,Madrugada,1
20200008,1,2020-01-30,2020,1,30,AVENIDA,2,-58.40662899,-34.59804521,MOTO,CARGAS,Mañana,1
20200009,1,2020-02-04,2020,2,4,CALLE,5,-58.41985649,-34.60600850,PEATON,AUTO,Tarde,1
20200010,1,2020-02-08,2020,2,8,AVENIDA,1,-58.38099833,-34.62214953,MOTO,OBJETO FIJO,Madrugada,1
20200011,1,2020-02-12,2020,2,12,CALLE,5,-58.41803309,-34.61823178,MOTO,CARGAS,Mañana,1
20200012,1,2020-02-18,2020,2,18,CALLE,3,-58.40604003,-34.61783553,PEATON,MOTO,Noche,1
20200013,1,2020-02-20,2020,2,20,AVENIDA,15,-58.47549929,-34.57994061,PEATON,MOTO,Tarde,1
20200014,1,2020-02-27,2020,2,27,CALLE,11,-58.51398484,-34.61600366,MOTO,PASAJEROS,Madrugada,1
20200015,1,2020-02-28,2020,2,28,AVENIDA,1,-58.36797542,-34.62519403,MOTO,PASAJEROS,Tarde,1
20200016,1,2020-02-29,2020,2,29,AVENIDA,1,-58.37133616,-34.59879316,PEATON,PASAJEROS,Tarde,1
20200017,1,2020-03-05,2020,3,5,AVENIDA,3,-58.39613805,-34.61413568,PEATON,AUTO,Noche,1
20200018,1,2020-03-09,2020,3,9,AVENIDA,13,-58.44903073,-34.54200276,MOTO,OBJETO FIJO,Tarde,1
20200019,1,2020-03-10,2020,3,10,CALLE,5,-58.41972364,-34.62846670,PEATON,AUTO,Noche,1
20200020,1,2020-03-13,2020,3,13,AVENIDA,3,-58.40571596,-34.60557123,PEATON,MOTO,Tarde,1
20200021,1,2020-03-14,2020,3,14,CALLE,2,-58.41451590,-34.59488319,PEATON,AUTO,Tarde,1
20200022,1,2020-04-07,2020,4,7,AUTOPISTA,9,-58.47297505,-34.66245085,AUTO,CARGAS,Mañana,1
20200023,1,2020-04-09,2020,4,9,AVENIDA,4,-58.35791192,-34.63695178,AUTO,CARGAS,Noche,1
20200024,1,2020-04-24,2020,4,24,CALLE,9,-58.50801713,-34.65177305,AUTO,AUTO,Mañana,1
20200025,1,2020-05-12,2020,5,12,AVENIDA,3,-58.40258477,-34.60975108,PEATON,AUTO,Madrugada,1
20200026,1,2020-05-17,2020,5,17,AUTOPISTA,14,-58.40786274,-34.56726817,MOTO,OBJETO FIJO,Mañana,1
20200027,1,2020-05-18,2020,5,18,AVENIDA,8,-58.48267426,-34.68454456,PEATON,CARGAS,Mañana,1
20200028,1,2020-05-19,2020,5,19,AVENIDA,15,-58.44248936,-34.60221948,PEATON,PASAJEROS,Mañana,1
20200029,1,2020-06-10,2020,6,10,GRAL PAZ,9,-58.52909134,-34.63886726,PEATON,PASAJEROS,Tarde,1
20200030,1,2020-06-16,2020,6,16,AVENIDA,6,-58.45158942,-34.60646580,MOTO,MULTIPLE,Tarde,1
20200031,1,2020-06-30,2020,6,30,AVENIDA,9,-58.49344309,-34.65788529,MOTO,CARGAS,Mañana,1
20200032,1,2020-07-10,2020,7,10,AVENIDA,15,-58.44259166,-34.59635137,MOTO,AUTO,Noche,1
20200033,1,2020-07-19,2020,7,19,GRAL PAZ,13,-58.46743471,-34.53476874,AUTO,OBJETO FIJO,Mañana,1
20200034,1,2020-08-02,2020,8,2,CALLE,3,-58.41178158,-34.60922259,PEATON,AUTO,Madrugada,1
20200035,1,2020-08-04,2020,8,4,AUTOPISTA,7,-58.45068621,-34.63638927,MOTO,PASAJEROS,Madrugada,1
20200036,1,2020-08-07,2020,8,7,AVENIDA,14,-58.42016954,-34.58778790,PEATON,MOTO,Noche,1
20200037,1,2020-08-29,2020,8,29,AVENIDA,8,-58.43850413,-34.65554754,PEATON,AUTO,Madrugada,1
20200038,2,2020-08-30,2020,8,30,AVENIDA,14,-58.40617526,-34.58345898,AUTO,AUTO,Madrugada,2
20200039,1,2020-09-01,2020,9,1,CALLE,9,-58.48457413,-34.64143926,PEATON,CARGAS,Noche,1
20200040,1,2020-09-12,2020,9,12,AVENIDA,2,-58.38526125,-34.57805810,AUTO,OBJETO FIJO,Madrugada,1
20200041,1,2020-09-28,2020,9,28,AVENIDA,7,-58.44750470,-34.63491705,MOTO,PASAJEROS,Madrugada,1
20200042,1,2020-09-29,2020,9,29,AVENIDA,8,-58.46745752,-34.68192648,PEATON,PASAJEROS,Tarde,1
20200043,1,2020-09-30,2020,9,30,AVENIDA,1,-58.37202621,-34.59717942,PEATON,PASAJEROS,Tarde,1
20200044,1,2020-10-05,2020,10,5,AVENIDA,6,-58.42779702,-34.62207347,AUTO,AUTO,Madrugada,1
20200045,1,2020-10-19,2020,10,19,GRAL PAZ,8,-58.46244952,-34.70524971,AUTO,CARGAS,Madrugada,1
20200046,1,2020-10-27,2020,10,27,AVENIDA,11,-58.48440160,-34.60776782,MOTO,MOTO,Noche,1
20200047,1,2020-10-27,2020,10,27,AUTOPISTA,9,-58.46668375,-34.65174801,PEATON,CARGAS,Tarde,1
20200048,1,2020-10-29,2020,10,29,AVENIDA,15,-58.44958780,-34.59322448,MOTO,OBJETO FIJO,Noche,1
20200049,1,2020-10-30,2020,10,30,AVENIDA,1,-58.37533517,-34.59276462,PEATON,AUTO,Noche,1
20200050,1,2020-11-01,2020,11,1,AVENIDA,14,-58.42525456,-34.57866344,PEATON,MOTO,Noche,1
20200051,1,2020-11-05,2020,11,5,AVENIDA,10,-58.48493828,-34.62981124,MOTO,AUTO,Madrugada,1
20200052,1,2020-11-07,2020,11,7,AVENIDA,3,-58.40480504,-34.60183884,BICICLETA,CARGAS,Mañana,1
20200053,1,2020-11-09,2020,11,9,AVENIDA,4,-58.41125934,-34.65417740,AUTO,AUTO,Madrugada,1
20200054,1,2020-11-19,2020,11,19,CALLE,4,-58.39956546,-34.62977080,BICICLETA,AUTO,Mañana,1
20200055,1,2020-11-19,2020,11,19,AVENIDA,12,-58.49005682,-34.57868970,PEATON,CARGAS,Tarde,1
20200056,1,2020-11-21,2020,11,21,GRAL PAZ,8,-58.47064556,-34.69843756,MOTO,CARGAS,Tarde,1
20200057,1,2020-11-23,2020,11,23,AVENIDA,11,-58.47501560,-34.61945902,PEATON,AUTO,Mañana,1
20200058,1,2020-11-24,2020,11,24,AVENIDA,10,-58.48727942,-34.63652467,PEATON,AUTO,Tarde,1
20200059,1,2020-12-01,2020,12,1,CALLE,1,-58.37951690,-34.62794241,PEATON,PASAJEROS,Mañana,1
20200060,1,2020-12-03,2020,12,3,AVENIDA,9,-58.47750832,-34.65672199,PEATON,MOTO,Noche,1
20200061,1,2020-12-03,2020,12,3,AUTOPISTA,13,-58.44927253,-34.54048625,MOTO,CARGAS,Tarde,1
20200062,1,2020-12-04,2020,12,4,CALLE,3,-58.39246272,-34.61253541,BICICLETA,PASAJEROS,Tarde,1
20200063,2,2020-12-05,2020,12,5,CALLE,11,-58.52783814,-34.61047001,PEATON_MOTO,MOTO,Mañana,2
20200065,1,2020-12-05,2020,12,5,GRAL PAZ,12,-58.49332664,-34.54836855,MOTO,AUTO,Tarde,1
20200066,1,2020-12-07,2020,12,7,AUTOPISTA,10,-58.50178784,-34.63593897,MOTO,OBJETO FIJO,Madrugada,1
20200067,1,2020-12-11,2020,12,11,AVENIDA,4,-58.41657793,-34.65476216,PEATON,PASAJEROS,Noche,1
20200068,1,2020-12-12,2020,12,12,AVENIDA,2,-58.39731474,-34.58307887,MOTO,AUTO,Noche,1
20200069,1,2020-12-15,2020,12,15,AVENIDA,1,-58.38746381,-34.61790839,MOTO,PASAJEROS,Madrugada,1
20200070,1,2020-12-17,2020,12,17,AVENIDA,2,-58.39189441,-34.59176378,PEATON,PASAJEROS,Tarde,1
20200071,1,2020-12-17,2020,12,17,AVENIDA,7,-58.46749188,-34.63551751,PEATON,AUTO,Noche,1
20200072,1,2020-12-19,2020,12,19,AVENIDA,3,-58.40280471,-34.62113271,BICICLETA,AUTO,Madrugada,1
20200073,1,2020-12-20,2020,12,20,AVENIDA,8,-58.44451316,-34.68475866,MOTO,OBJETO FIJO,Mañana,1
20200074,1,2020-12-20,2020,12,20,AVENIDA,7,-58.47110424,-34.62742408,AUTO,AUTO,Noche,1
20200075,1,2020-12-23,2020,12,23,AVENIDA,1,-58.38220928,-34.60373898,PEATON,PASAJEROS,Tarde,1
20200076,1,2020-12-24,2020,12,24,AVENIDA,10,-58.49794468,-34.61565025,AUTO,PASAJEROS,Tarde,1
20200077,2,2020-12-25,2020,12,25,AVENIDA,15,-58.47220945,-34.60111373,MOTO,AUTO,Mañana,2
20200078,1,2020-12-25,2020,12,25,CALLE,7,-58.43706741,-34.63217813,BICICLETA,PASAJEROS,Madrugada,1
20200079,1,2020-12-27,2020,12,27,GRAL PAZ,12,-58.49332664,-34.54836855,MOTO,OBJETO FIJO,Madrugada,1
20210001,1,2021-01-06,2021,1,6,AUTOPISTA,1,-58.37960727,-34.62622851,MOTO,AUTO,Noche,1
20210002,1,2021-01-07,2021,1,7,AVENIDA,9,-58.51061062,-34.64972472,MOTO,CARGAS,Mañana,1
20210003,1,2021-01-10,2021,1,10,AUTOPISTA,7,-58.43052224,-34.62941648,MOTO,OBJETO FIJO,Mañana,1
20210004,1,2021-01-11,2021,1,11,AVENIDA,5,-58.41455544,-34.63866836,PEATON,CARGAS,Mañana,1
20210005,1,2021-01-11,2021,1,11,AVENIDA,9,-58.46774439,-34.64730145,PEATON,AUTO,Noche,1
20210006,1,2021-01-12,2021,1,12,AUTOPISTA,14,-58.40786274,-34.56726817,MOTO,CARGAS,Noche,1
20210007,1,2021-01-18,2021,1,18,AVENIDA,15,-58.48744301,-34.58622275,MOTO,MOTO,Mañana,1
20210008,1,2021-01-22,2021,1,22,AVENIDA,4,-58.41657793,-34.65476216,PEATON,PASAJEROS,Noche,1
20210009,1,2021-01-23,2021,1,23,AVENIDA,6,-58.45351111,-34.61134937,MOTO,OBJETO FIJO,Madrugada,1
20210010,1,2021-01-23,2021,1,23,GRAL PAZ,12,-58.50073810,-34.54979510,MOTO,AUTO,Mañana,1
20210011,1,2021-01-27,2021,1,27,AVENIDA,2,-58.39144148,-34.59564871,PEATON,AUTO,Madrugada,1
20210012,1,2021-01-29,2021,1,29,AUTOPISTA,8,-58.48191128,-34.68385968,PEATON,AUTO,Noche,1
20210013,1,2021-01-31,2021,1,31,AVENIDA,10,-58.48727942,-34.63652467,MOTO,OBJETO FIJO,Mañana,1
20210014,1,2021-02-02,2021,2,2,AVENIDA,15,-58.48328708,-34.59779521,PEATON,AUTO,Madrugada,1
20210015,1,2021-02-06,2021,2,6,AVENIDA,15,-58.49018543,-34.59724990,MOTO,OBJETO FIJO,Madrugada,1
20210016,1,2021-02-14,2021,2,14,AVENIDA,8,-58.47230127,-34.68482689,AUTO,OBJETO FIJO,Madrugada,1
20210017,1,2021-02-17,2021,2,17,AVENIDA,1,-58.38262614,-34.63168269,MOTO,PASAJEROS,Madrugada,1
20210018,1,2021-02-20,2021,2,20,CALLE,3,-58.41047268,-34.60793518,PEATON,AUTO,Noche,1
20210019,1,2021-02-21,2021,2,21,AVENIDA,12,-58.49659234,-34.56353635,MOTO,OBJETO FIJO,Madrugada,1
20210020,1,2021-02-21,2021,2,21,CALLE,5,-58.42462955,-34.60727189,PEATON,CARGAS,Tarde,1
20210021,1,2021-02-26,2021,2,26,CALLE,3,-58.41168345,-34.61185625,MOTO,OBJETO FIJO,Madrugada,1
20210023,1,2021-03-01,2021,3,1,AUTOPISTA,4,-58.37157668,-34.64035082,MOTO,CARGAS,Mañana,1
20210024,1,2021-03-03,2021,3,3,AVENIDA,9,-58.49573651,-34.67006054,BICICLETA,CARGAS,Tarde,1
20210025,1,2021-03-11,2021,3,11,GRAL PAZ,8,-58.48695354,-34.68795245,MOTO,OTRO,Madrugada,1
20210026,1,2021-03-15,2021,3,15,AUTOPISTA,4,-58.37562539,-34.64449357,MOTO,OBJETO FIJO,Madrugada,1
20210027,1,2021-03-16,2021,3,16,GRAL PAZ,12,-58.49491054,-34.54795581,MOTO,CARGAS,Tarde,1
20210028,1,2021-03-29,2021,3,29,AVENIDA,7,-58.44147621,-34.64357704,PEATON,PASAJEROS,Tarde,1
20210029,1,2021-03-31,2021,3,31,AVENIDA,7,-58.46899119,-34.63215432,AUTO,AUTO,Noche,1
20210030,1,2021-04-03,2021,4,3,CALLE,4,-58.38685612,-34.63455776,PEATON,PASAJEROS,Noche,1
20210031,1,2021-04-07,2021,4,7,AVENIDA,1,-58.38113667,-34.61765323,PEATON,CARGAS,Mañana,1
20210032,1,2021-04-10,2021,4,10,AUTOPISTA,13,-58.44112678,-34.54538956,PEATON,MOTO,Noche,1
20210033,1,2021-04-14,2021,4,14,AUTOPISTA,5,-58.41595919,-34.62743346,AUTO,OBJETO FIJO,Tarde,1
20210034,1,2021-04-19,2021,4,19,AVENIDA,4,-58.40184094,-34.64546845,MOTO,CARGAS,Tarde,1
20210035,1,2021-05-03,2021,5,3,AVENIDA,8,-58.44642231,-34.65679806,MOTO,CARGAS,Mañana,1
20210036,1,2021-05-09,2021,5,9,GRAL PAZ,11,-58.52340614,-34.59798754,MOTO,OBJETO FIJO,Mañana,1
20210037,1,2021-05-11,2021,5,11,AVENIDA,13,-58.46649069,-34.56219075,PEATON,PASAJEROS,Mañana,1
20210038,1,2021-05-14,2021,5,14,AVENIDA,14,-58.42653328,-34.57816791,MOTO,CARGAS,Mañana,1
20210039,1,2021-05-15,2021,5,15,AVENIDA,9,-58.50407099,-34.65303372,BICICLETA,AUTO,Tarde,1
20210040,1,2021-05-20,2021,5,20,GRAL PAZ,13,-58.46743471,-34.53476874,MOTO,AUTO,Madrugada,1
20210041,1,2021-05-20,2021,5,20,AVENIDA,14,-58.40986646,-34.57728060,PEATON,PASAJEROS,Mañana,1
20210042,1,2021-05-21,2021,5,21,AVENIDA,9,-58.51739138,-34.63931792,PEATON,PASAJEROS,Madrugada,1
20210043,1,2021-05-22,2021,5,22,AVENIDA,9,-58.50719962,-34.65556223,PEATON,AUTO,Noche,1
20210044,1,2021-05-25,2021,5,25,AVENIDA,9,-58.46712311,-34.64600222,MOTO,OBJETO FIJO,Madrugada,1
20210045,1,2021-05-26,2021,5,26,AUTOPISTA,4,-58.37709334,-34.64035082,MOTO,MULTIPLE,Tarde,1
20210046,1,2021-05-31,2021,5,31,AVENIDA,15,-58.46033141,-34.58569883,AUTO,OBJETO FIJO,Madrugada,1
20210047,1,2021-06-02,2021,6,2,AVENIDA,4,-58.42190745,-34.65633192,MOTO,AUTO,Tarde,1
20210048,1,2021-06-03,2021,6,3,AVENIDA,12,-58.49026573,-34.56981410,BICICLETA,AUTO,Mañana,1
20210049,1,2021-06-03,2021,6,3,AVENIDA,8,-58.45410344,-34.66902702,AUTO,AUTO,Noche,1
20210050,1,2021-06-10,2021,6,10,AVENIDA,13,-58.44751621,-34.55719892,MOTO,PASAJEROS,Tarde,1
20210051,1,2021-06-15,2021,6,15,AVENIDA,4,-58.42040352,-34.66005171,PEATON,CARGAS,Noche,1
20210052,1,2021-06-20,2021,6,20,GRAL PAZ,8,-58.49530249,-34.68010798,MOTO,OBJETO FIJO,Madrugada,1
20210053,1,2021-06-20,2021,6,20,AVENIDA,15,-58.44399875,-34.59477360,PEATON,BICICLETA,Tarde,1
20210054,1,2021-06-22,2021,6,22,CALLE,4,-58.42759813,-34.65463857,MOTO,CARGAS,Tarde,1
20210055,1,2021-06-29,2021,6,29,AVENIDA,3,-58.40547222,-34.60456293,MOTO,CARGAS,Tarde,1
20210056,1,2021-07-09,2021,7,9,AVENIDA,4,-58.42473018,-34.65008280,BICICLETA,AUTO,Noche,1
20210057,1,2021-07-10,2021,7,10,AUTOPISTA,2,-58.39257023,-34.57563957,AUTO,OBJETO FIJO,Noche,1
20210058,1,2021-07-21,2021,7,21,GRAL PAZ,12,-58.48941042,-34.54596153,PEATON,AUTO,Madrugada,1
20210059,1,2021-07-22,2021,7,22,AVENIDA,3,-58.39640740,-34.62783085,AUTO,OBJETO FIJO,Madrugada,1
20210060,1,2021-07-22,2021,7,22,AVENIDA,5,-58.41971993,-34.61112240,PEATON,PASAJEROS,Tarde,1
20210061,1,2021-07-24,2021,7,24,AVENIDA,4,-58.40544588,-34.65012801,PEATON,CARGAS,Mañana,1
20210062,1,2021-07-27,2021,7,27,AVENIDA,4,-58.42003882,-34.64645957,AUTO,CARGAS,Mañana,1
20210063,1,2021-08-02,2021,8,2,AVENIDA,7,-58.46851293,-34.63348678,AUTO,AUTO,Madrugada,1
20210064,1,2021-08-02,2021,8,2,GRAL PAZ,9,-58.52931141,-34.65422917,PEATON,CARGAS,Noche,1
20210065,1,2021-08-06,2021,8,6,AVENIDA,6,-58.42675754,-34.62699730,PEATON,PASAJEROS,Mañana,1
20210066,1,2021-08-06,2021,8,6,AVENIDA,11,-58.52933723,-34.61098186,PEATON,PASAJEROS,Noche,1
20210067,1,2021-08-08,2021,8,8,AUTOPISTA,1,-58.37910943,-34.62764718,MOTO,OBJETO FIJO,Mañana,1
20210068,1,2021-08-15,2021,8,15,AVENIDA,11,-58.52161176,-34.61164474,MOTO,OBJETO FIJO,Mañana,1
20210069,1,2021-08-20,2021,8,20,AVENIDA,14,-58.41354692,-34.58697680,PEATON,AUTO,Tarde,1
20210070,1,2021-08-28,2021,8,28,AVENIDA,8,-58.43960781,-34.65470804,MOTO,CARGAS,Mañana,1
20210071,1,2021-08-31,2021,8,31,CALLE,3,-58.40454610,-34.60003693,PEATON,MOTO,Tarde,1
20210072,1,2021-09-01,2021,9,1,AVENIDA,2,-58.39303911,-34.59871111,PEATON,AUTO,Noche,1
20210073,1,2021-09-18,2021,9,18,AVENIDA,2,-58.39391034,-34.58405348,BICICLETA,AUTO,Tarde,1
20210074,1,2021-09-20,2021,9,20,GRAL PAZ,12,-58.50073810,-34.54979510,MOTO,MULTIPLE,Tarde,1
20210075,1,2021-09-21,2021,9,21,CALLE,1,-58.38281301,-34.62786038,PEATON,CARGAS,Tarde,1
20210076,1,2021-10-16,2021,10,16,AVENIDA,7,-58.43980799,-34.65094083,MOTO,OBJETO FIJO,Mañana,1
20210077,1,2021-10-18,2021,10,18,AVENIDA,6,-58.44402387,-34.62933109,MOTO,CARGAS,Mañana,1
20210078,1,2021-10-23,2021,10,23,AVENIDA,6,-58.42779702,-34.62207347,MOTO,PASAJEROS,Mañana,1
20210079,1,2021-10-25,2021,10,25,CALLE,3,-58.40944147,-34.60097942,PEATON,AUTO,Madrugada,1
20210080,1,2021-10-28,2021,10,28,AVENIDA,1,-58.38277479,-34.59430160,MOTO,AUTO,Tarde,1
20210081,1,2021-11-02,2021,11,2,AUTOPISTA,4,-58.37627355,-34.63800916,MOTO,CARGAS,Tarde,1
20210082,1,2021-11-06,2021,11,6,AUTOPISTA,3,-58.39591856,-34.62453459,MOTO,AUTO,Madrugada,1
20210083,1,2021-11-09,2021,11,9,AVENIDA,13,-58.45829717,-34.56015762,MOTO,AUTO,Madrugada,1
20210084,1,2021-11-11,2021,11,11,AVENIDA,9,-58.49142611,-34.64584795,AUTO,OBJETO FIJO,Madrugada,1
20210085,1,2021-11-20,2021,11,20,GRAL PAZ,12,-58.51271409,-34.57786555,MOTO,OBJETO FIJO,Noche,1
20210086,1,2021-11-25,2021,11,25,AVENIDA,6,-58.44864864,-34.62352826,PEATON,PASAJEROS,Mañana,1
20210087,1,2021-11-27,2021,11,27,CALLE,1,-58.37795815,-34.59167894,PEATON,BICICLETA,Mañana,1
20210088,1,2021-12-01,2021,12,1,CALLE,13,-58.45531707,-34.55555257,MOTO,AUTO,Tarde,1
20210089,1,2021-12-02,2021,12,2,AVENIDA,11,-58.47633683,-34.62140594,MOTO,AUTO,Madrugada,1
20210090,1,2021-12-10,2021,12,10,AVENIDA,1,-58.38188582,-34.60256036,PEATON,PASAJEROS,Mañana,1
20210091,1,2021-12-11,2021,12,11,CALLE,10,-58.51989389,-34.62284918,MOTO,AUTO,Noche,1
20210092,1,2021-12-12,2021,12,12,AVENIDA,3,-58.40596860,-34.61011987,PEATON,AUTO,Mañana,1
20210093,1,2021-12-13,2021,12,13,AVENIDA,7,-58.43353773,-34.64561636,MOTO,AUTO,Tarde,1
20210094,1,2021-12-20,2021,12,20,AUTOPISTA,9,-58.46739825,-34.65117757,MOTO,AUTO,Madrugada,1
20210095,1,2021-12-30,2021,12,30,AVENIDA,11,-58.47293407,-34.61984745,MOTO,CARGAS,Madrugada,1
20210096,1,2021-12-15,2021,12,15,AVENIDA,9,-58.47066794,-34.65021673,AUTO,CARGAS,Mañana,1
20210097,1,2021-11-18,2021,11,18,CALLE,1,-58.37976155,-34.58679619,BICICLETA,AUTO,Mañana,1
